Tract_Length	Ancestry	Haplotype
4.383419	1	SM874.0
5.733689	0	SM874.0
10.117108	1	SM874.1
5.524352	0	SM273.0
3.769653	2	SM273.0
0.823103	0	SM273.0
2.621503	0	SM273.1
2.697371	1	SM273.1
4.798234	0	SM273.1
4.383419	0	SM19.0
2.992263	2	SM19.0
2.741426	0	SM19.0
10.117108	1	SM19.1
3.174068	1	SM52.0
6.94304	0	SM52.0
5.318874	0	SM52.1
4.798234	1	SM52.1
